epoch,lr,train_loss,val_loss,val_top1,val_top3,sec
1,0.00029815325108927063,1.9668262500481066,1.8418557777404785,0.37600000071525574,0.712,483.0429983139038
2,0.00029265847744427303,1.7030372281379889,1.7429900550842286,0.42399999940395355,0.8000000033378601,545.0869212150574
3,0.0002836509786282552,1.4805326640312308,1.6637615461349486,0.47200000047683716,0.8160000066757203,547.4278709888458
4,0.0002713525491562421,1.4141041271792256,1.65369797706604,0.5000000009536744,0.8319999971389771,560.3647222518921
5,0.0002560660171779821,1.431243949100889,1.6545375289916993,0.4960000004768372,0.7999999971389771,451.896365404129
