epoch,train_loss,val_loss,val_top1,val_top3,sec
1,1.9155319878620467,1.8488292617797852,0.372,0.7319999995231629,234.07904601097107
2,1.5300340186198944,1.6183648319244386,0.46,0.764,183.55368971824646
3,1.3376035344424506,1.8492300024032593,0.412,0.7439999995231629,162.60680985450745
